{
    "PAGE":{
        "SIZES":{
            "A0": {
                "size": "A0",
                "height": 2383.937007874016,
                "width": 1683.7795275590551
            },
            "A1": {
                "size": "A1",
                "height": 1683.7795275590551,
                "width": 1190.5511811023622
            },
            "A2": {
                "size": "A2",
                "height": 1190.5511811023622,
                "width": 841.8897637795275
            },
            "A3": {
                "size": "A3",
                "height": 841.8897637795275,
                "width": 595.2755905511811
            },
            "A4": {
                "size": "A4",
                "height": 1122.51968503937,
                "width": 793.7007874015759
            },
            "A5": {
                "size": "A5",
                "height": 793.7007874015759,
                "width": 559.3700787401575
            },
            "A6": {
                "size": "A6",
                "height": 559.3700787401575,
                "width": 393.7007874015748
            },
            "A7": {
                "size": "A7",
                "height": 393.7007874015748,
                "width": 279.5275590551181
            },
            "A8": {
                "size": "A8",
                "height": 279.5275590551181,
                "width": 197.63779527559055
            },
            "A9": {
                "size": "A9",
                "height": 197.63779527559055,
                "width": 139.76377952755905
            },
            "A10": {
                "size": "A10",
                "height": 139.76377952755905,
                "width": 98.4251968503937
            }
        }
    }
}